model,subset,number_of_queries,training_condition,metric,point_estimate,ci_lower,ci_upper,bootstrap_mean,bootstrap_std,bootstrap_repetitions
Qwen3-Reranker-0.6B,primary_all_1642,1642,hard_only,roc_auc,0.6083009014535714,0.5909671817534097,0.6247101312271806,0.6083204207687911,0.008601123297456366,2000
Qwen3-Reranker-0.6B,primary_all_1642,1642,hard_only,pairwise_cited_over_dense_hard,0.6079983759642712,0.587594904587901,0.6284429557450264,0.6079709196102315,0.010345109611544966,2000
Qwen3-Reranker-0.6B,primary_all_1642,1642,mixed_u,roc_auc,0.7364722589822676,0.7216769185776533,0.7507961609994792,0.7363698452536023,0.00754693020882693,2000
Qwen3-Reranker-0.6B,primary_all_1642,1642,mixed_u,pairwise_cited_over_dense_hard,0.7322675598863174,0.7139661997563946,0.749506191636216,0.7319972746650427,0.009188013200587276,2000
Qwen3-Reranker-0.6B,passage_disjoint_1555,1555,hard_only,roc_auc,0.6181896278988016,0.6008862434218007,0.6353058200907766,0.6181675310463429,0.008574849772775063,2000
Qwen3-Reranker-0.6B,passage_disjoint_1555,1555,hard_only,pairwise_cited_over_dense_hard,0.6185423365487673,0.5979849946409432,0.6378193997856377,0.6183835798499465,0.0102997918389362,2000
Qwen3-Reranker-0.6B,passage_disjoint_1555,1555,mixed_u,roc_auc,0.7350946502483087,0.7194743755234126,0.75094029735011,0.7349480983671246,0.007902206873356285,2000
Qwen3-Reranker-0.6B,passage_disjoint_1555,1555,mixed_u,pairwise_cited_over_dense_hard,0.730150053590568,0.7116396034297964,0.7485002679528402,0.7297983386923902,0.009454813715597251,2000
Qwen3-Reranker-0.6B,document_disjoint_1389,1389,hard_only,roc_auc,0.6249320227168004,0.6065592404875427,0.6433080090093873,0.6248337566623179,0.009199205842315438,2000
Qwen3-Reranker-0.6B,document_disjoint_1389,1389,hard_only,pairwise_cited_over_dense_hard,0.6251499880009599,0.6029931605471562,0.6465124790016799,0.6250774178065756,0.011021913691524476,2000
Qwen3-Reranker-0.6B,document_disjoint_1389,1389,mixed_u,roc_auc,0.7271856782774873,0.7101494767027708,0.7435144271611619,0.7272346255668878,0.00850581013473383,2000
Qwen3-Reranker-0.6B,document_disjoint_1389,1389,mixed_u,pairwise_cited_over_dense_hard,0.7225581953443725,0.7031899448044157,0.7433576313894888,0.722791546676266,0.010221816799411023,2000
