system,temporal_bin,metric,estimate,ci_lower,ci_upper
minilm_direct,early,accuracy,0.3186558516801854,0.2973279028157077,0.33877587778926543
minilm_direct,early,macro_f1,0.30781392592037793,0.286547538577561,0.3277115341102572
minilm_direct,early,cited_vs_u_roc_auc,0.5037750249337128,0.47652936859594563,0.5330055000139963
minilm_direct,early,x_vs_a_roc_auc,0.4767086674303169,0.4435588314608253,0.5070876272287667
minilm_direct,early,pairwise_cited_over_U,0.5174589201877935,0.48503154342723004,0.5514084507042253
minilm_direct,early,pairwise_X_over_A,0.4693368544600939,0.428693515258216,0.5067524941314554
minilm_direct,middle,accuracy,0.31273408239700373,0.2902621722846442,0.3352059925093633
minilm_direct,middle,macro_f1,0.30263249227352024,0.27985622176605807,0.3256364471458151
minilm_direct,middle,cited_vs_u_roc_auc,0.47564315672824703,0.44496836819144614,0.5056210460239308
minilm_direct,middle,x_vs_a_roc_auc,0.47813477535103593,0.4437781424904263,0.5120502461810378
minilm_direct,middle,pairwise_cited_over_U,0.47752808988764045,0.4419475655430712,0.5121722846441947
minilm_direct,middle,pairwise_X_over_A,0.45318352059925093,0.41198501872659177,0.49625468164794007
minilm_direct,late,accuracy,0.3269675925925926,0.30671296296296297,0.34780092592592593
minilm_direct,late,macro_f1,0.3131891132554189,0.29292599810387565,0.333845021049277
minilm_direct,late,cited_vs_u_roc_auc,0.5100459346064815,0.4801820354697145,0.5400761357060184
minilm_direct,late,x_vs_a_roc_auc,0.4524860146604939,0.4198007089120371,0.48661167474440586
minilm_direct,late,pairwise_cited_over_U,0.5034722222222222,0.4678819444444444,0.5364583333333334
minilm_direct,late,pairwise_X_over_A,0.4809027777777778,0.4409288194444445,0.5208333333333334
minilm_hierarchical,early,accuracy,0.32966396292004635,0.3103031282645331,0.3493742555478965
minilm_hierarchical,early,macro_f1,0.2986413928647109,0.277765711231891,0.31926653347633294
minilm_hierarchical,early,cited_vs_u_roc_auc,0.5219097399596195,0.4937101396751944,0.5512953315982345
minilm_hierarchical,early,x_vs_a_roc_auc,0.5141096315387552,0.4805256864389916,0.5472902143942788
minilm_hierarchical,early,pairwise_cited_over_U,0.5324823943661973,0.49876320422535214,0.5664656690140845
minilm_hierarchical,early,pairwise_X_over_A,0.5290492957746479,0.4891431924882629,0.5698430164319248
minilm_hierarchical,middle,accuracy,0.30274656679151063,0.2833957553058677,0.3227215980024969
minilm_hierarchical,middle,macro_f1,0.26984534739893135,0.2491623003769557,0.290900822068195
minilm_hierarchical,middle,cited_vs_u_roc_auc,0.455885550365414,0.4249866739609196,0.4864471114056867
minilm_hierarchical,middle,x_vs_a_roc_auc,0.48499417862503336,0.45143763413710386,0.5173573412447923
minilm_hierarchical,middle,pairwise_cited_over_U,0.4691011235955056,0.4344569288389513,0.5028089887640449
minilm_hierarchical,middle,pairwise_X_over_A,0.4681647940074906,0.42696629213483145,0.5093632958801498
minilm_hierarchical,late,accuracy,0.33449074074074076,0.3148003472222223,0.35300925925925924
minilm_hierarchical,late,macro_f1,0.2979494548359453,0.2765435063892254,0.31790954561542156
minilm_hierarchical,late,cited_vs_u_roc_auc,0.4815930025077161,0.45196032112027396,0.5097345422815394
minilm_hierarchical,late,x_vs_a_roc_auc,0.4756522472993827,0.44268376856674385,0.5102934660734953
minilm_hierarchical,late,pairwise_cited_over_U,0.4869791666666667,0.45223524305555557,0.5190972222222222
minilm_hierarchical,late,pairwise_X_over_A,0.5086805555555556,0.46875,0.5503472222222222
deberta_direct,early,accuracy,0.5011587485515643,0.4773505980943728,0.5244605147977299
deberta_direct,early,macro_f1,0.5004318467896283,0.47677950132061653,0.5234906719891173
deberta_direct,early,cited_vs_u_roc_auc,0.8100066287187722,0.7876922662033826,0.8312083903710015
deberta_direct,early,x_vs_a_roc_auc,0.5466811044291715,0.5209090921105153,0.5722142927998076
deberta_direct,early,pairwise_cited_over_U,0.81875,0.7937477992957748,0.845081426056338
deberta_direct,early,pairwise_X_over_A,0.5542840375586855,0.5131968896713615,0.5947769953051643
deberta_direct,middle,accuracy,0.44506866416978774,0.42134831460674155,0.46941323345817726
deberta_direct,middle,macro_f1,0.44112667252823884,0.41748556019931354,0.46520857506145696
deberta_direct,middle,cited_vs_u_roc_auc,0.7179701636998697,0.690135443406416,0.7449164667760804
deberta_direct,middle,x_vs_a_roc_auc,0.5595182987557688,0.5267920892423796,0.5927951717656301
deberta_direct,middle,pairwise_cited_over_U,0.7191011235955056,0.6872659176029963,0.7509597378277152
deberta_direct,middle,pairwise_X_over_A,0.5561797752808989,0.5149812734082397,0.599250936329588
deberta_direct,late,accuracy,0.43171296296296297,0.40970775462962966,0.453125
deberta_direct,late,macro_f1,0.4281442697728967,0.406200873547246,0.4497890584412381
deberta_direct,late,cited_vs_u_roc_auc,0.749172634548611,0.7243482801649306,0.7741508201316551
deberta_direct,late,x_vs_a_roc_auc,0.4592948254243827,0.42869835370852627,0.4899637858072916
deberta_direct,late,pairwise_cited_over_U,0.75,0.7222005208333333,0.7795138888888888
deberta_direct,late,pairwise_X_over_A,0.4652777777777778,0.4253472222222222,0.5052083333333334
deberta_hierarchical,early,accuracy,0.48088064889918886,0.45855009016229215,0.5031811215937934
deberta_hierarchical,early,macro_f1,0.47097045032969675,0.4476711491441777,0.4928715212575046
deberta_hierarchical,early,cited_vs_u_roc_auc,0.8126246685640612,0.7918070630360221,0.8331683576564275
deberta_hierarchical,early,x_vs_a_roc_auc,0.48987566819396716,0.4590887308828913,0.5190227461928533
deberta_hierarchical,early,pairwise_cited_over_U,0.8257922535211267,0.7997359154929577,0.8500088028169014
deberta_hierarchical,early,pairwise_X_over_A,0.4709507042253521,0.429137323943662,0.512775088028169
deberta_hierarchical,middle,accuracy,0.43570536828963796,0.4125936329588015,0.45942571785268416
deberta_hierarchical,middle,macro_f1,0.42657945209054765,0.402925659376022,0.4506114240967105
deberta_hierarchical,middle,cited_vs_u_roc_auc,0.7209544950833928,0.6964727201952615,0.7451590971257838
deberta_hierarchical,middle,x_vs_a_roc_auc,0.5594166000364712,0.5258239349689293,0.5904012189818906
deberta_hierarchical,middle,pairwise_cited_over_U,0.7209737827715356,0.6891385767790262,0.7528089887640449
deberta_hierarchical,middle,pairwise_X_over_A,0.5749063670411985,0.5317883895131087,0.6142790262172282
deberta_hierarchical,late,accuracy,0.4270833333333333,0.40625,0.44849537037037035
deberta_hierarchical,late,macro_f1,0.41461378175816055,0.3936448053493448,0.435837696485623
deberta_hierarchical,late,cited_vs_u_roc_auc,0.7423864293981481,0.7185027699411651,0.768509363245081
deberta_hierarchical,late,x_vs_a_roc_auc,0.4790702160493827,0.44916622962480707,0.5103830596547069
deberta_hierarchical,late,pairwise_cited_over_U,0.7300347222222222,0.7005208333333334,0.7612847222222222
deberta_hierarchical,late,pairwise_X_over_A,0.4618055555555556,0.4201388888888889,0.5017361111111112
qwen3_8b_direct,early,accuracy,0.3348783314020857,0.3186033621882717,0.3514781302665698
qwen3_8b_direct,early,macro_f1,0.2520521181585122,0.23678922891707752,0.2672740875394396
qwen3_8b_direct,early,cited_vs_u_roc_auc,0.5729850823420661,0.5441139153958402,0.5995678012093131
qwen3_8b_direct,early,x_vs_a_roc_auc,0.5032440220504009,0.473949259454392,0.5330273460092962
qwen3_8b_direct,early,pairwise_cited_over_U,0.5827171361502348,0.5478851232394367,0.6155002934272301
qwen3_8b_direct,early,pairwise_X_over_A,0.4878227699530517,0.44805237676056336,0.5286164906103287
qwen3_8b_direct,middle,accuracy,0.317103620474407,0.30024968789013734,0.33270911360799
qwen3_8b_direct,middle,macro_f1,0.2347962032420614,0.2191185780434592,0.25039221758943303
qwen3_8b_direct,middle,cited_vs_u_roc_auc,0.5260646803854732,0.4996963723365456,0.5545800588099146
qwen3_8b_direct,middle,x_vs_a_roc_auc,0.4563712494213693,0.42519901387310804,0.48521905553451433
qwen3_8b_direct,middle,pairwise_cited_over_U,0.5379213483146067,0.5037453183520599,0.5735018726591761
qwen3_8b_direct,middle,pairwise_X_over_A,0.4681647940074906,0.4250936329588015,0.5112359550561798
qwen3_8b_direct,late,accuracy,0.32060185185185186,0.3055555555555556,0.33622685185185186
qwen3_8b_direct,late,macro_f1,0.24166395064726473,0.22782619215217303,0.25648178701054825
qwen3_8b_direct,late,cited_vs_u_roc_auc,0.4827617127218364,0.45636393229166666,0.5089190259391878
qwen3_8b_direct,late,x_vs_a_roc_auc,0.4804883415316358,0.45324164496527775,0.5090909604673033
qwen3_8b_direct,late,pairwise_cited_over_U,0.484375,0.4505208333333333,0.5173611111111112
qwen3_8b_direct,late,pairwise_X_over_A,0.484375,0.4427083333333333,0.5260416666666666
qwen3_8b_hierarchical,early,accuracy,0.35168018539976825,0.33352668213457076,0.36951753206774085
qwen3_8b_hierarchical,early,macro_f1,0.2974256645638786,0.2784774817313071,0.31534592738425815
qwen3_8b_hierarchical,early,cited_vs_u_roc_auc,0.5561943552506751,0.5289067552227533,0.5840704112291666
qwen3_8b_hierarchical,early,x_vs_a_roc_auc,0.5063299446353571,0.47695236779651806,0.5370640996345819
qwen3_8b_hierarchical,early,pairwise_cited_over_U,0.5479460093896714,0.5130281690140844,0.5836304284037558
qwen3_8b_hierarchical,early,pairwise_X_over_A,0.5171654929577465,0.47652582159624407,0.5579555457746479
qwen3_8b_hierarchical,middle,accuracy,0.3564294631710362,0.33957553058676654,0.3739076154806492
qwen3_8b_hierarchical,middle,macro_f1,0.289833938949879,0.27062988578722813,0.3096091317703924
qwen3_8b_hierarchical,middle,cited_vs_u_roc_auc,0.5913070389541163,0.5619549693851786,0.6189004220496851
qwen3_8b_hierarchical,middle,x_vs_a_roc_auc,0.4625433096270112,0.4337387254695676,0.49038662170881897
qwen3_8b_hierarchical,middle,pairwise_cited_over_U,0.598314606741573,0.5627340823970037,0.6329588014981273
qwen3_8b_hierarchical,middle,pairwise_X_over_A,0.46629213483146065,0.4232209737827715,0.5075374531835204
qwen3_8b_hierarchical,late,accuracy,0.35648148148148145,0.33912037037037035,0.3732783564814814
qwen3_8b_hierarchical,late,macro_f1,0.28616784363204484,0.2685064683279448,0.3037328607791638
qwen3_8b_hierarchical,late,cited_vs_u_roc_auc,0.579626766251929,0.5491338094075521,0.6107637570228106
qwen3_8b_hierarchical,late,x_vs_a_roc_auc,0.4915515287422839,0.46464602623456797,0.5194906729239004
qwen3_8b_hierarchical,late,pairwise_cited_over_U,0.5677083333333334,0.5320963541666667,0.6041666666666666
qwen3_8b_hierarchical,late,pairwise_X_over_A,0.484375,0.4461371527777779,0.5243055555555556
